lon_c,lat_c,depth,strike,dip,area_km2,coupling_robusto
-72.60000000000001,-30.0,8.499174791666666,4.866789425,6.019503658333334,428.3123216983501,0.9999999999999855
-72.60000000000001,-29.8,8.283703425,6.005453133333333,5.756945675,429.1729023165932,0.9999999999999851
-72.60000000000001,-29.6,8.077137936363636,7.473203645454546,5.527365681818182,430.0282535984603,0.9999999999999861
-72.60000000000001,-29.4,7.938458125,9.2447510625,5.3918297,430.878365121766,0.9999999999999882
-72.60000000000001,-29.200000000000003,7.7919035,10.99545175,5.257535525,431.7232265281696,0.9999999999999908
-72.60000000000001,-29.0,7.5433755,12.072399,5.00597,432.5628275233015,0.9999999999999937
-72.4,-30.0,10.5805978125,5.2041695875,8.0901808625,428.3123216983501,0.9999999999999772
-72.4,-29.8,10.27342140625,6.26218808125,7.73717275,429.1729023165932,0.9999999999999787
-72.4,-29.6,9.91775115625,7.65114101875,7.36732295625,430.0282535984603,0.9999999999999809
-72.4,-29.4,9.50722484375,9.27361228125,6.97039040625,430.878365121766,0.9999999999999846
-72.4,-29.200000000000003,9.04410046875,11.0187259375,6.53113048125,431.7232265281696,0.9999999999999896
-72.4,-29.0,8.53956263125,12.74778575,6.04162595,432.5628275233015,0.9999999999999937
-72.4,-28.8,8.293791236363637,14.248479818181815,5.8036358727272725,433.39715787688846,0.9999999999999991
-72.4,-28.6,8.114195500000001,15.25464725,5.620890025,434.2262074228785,0.9999999999999948
-72.2,-30.0,13.7902545625,5.603557325,11.02488165625,428.3123216983501,0.999999999999983
-72.2,-29.8,13.3426705625,6.5642869625,10.556967875,429.1729023165932,0.9999999999999841
-72.2,-29.6,12.8379960625,7.8204482875,10.06962465625,430.0282535984603,0.9999999999999846
-72.2,-29.4,12.26538071875,9.36677059375,9.54731984375,430.878365121766,0.9999999999999832
-72.2,-29.200000000000003,11.6216075625,11.12585571875,8.97081369375,431.7232265281696,0.9999999999999861
-72.2,-29.0,10.9166113125,12.9192738125,8.33185753125,432.5628275233015,0.9999999999999931
-72.2,-28.8,10.1760494375,14.481299,7.64103410625,433.39715787688846,0.9999999999999994
-72.2,-28.6,9.43748078125,15.5340336875,6.926595025,434.2262074228785,0.999999999999995
-72.2,-28.4,8.868134321428572,15.897002714285716,6.355407385714286,435.04996605956455,0.9999999999999898
-72.2,-28.200000000000003,8.643452642857143,15.570601,6.114026871428572,435.8684237497077,0.999999999999998
-72.2,-28.0,8.430859,14.994507,5.887345,436.681570520659,0.9999999999999984
-72.0,-30.0,18.81084055,5.97839674,15.1519912,428.3123216983501,0.9999999999999939
-72.0,-29.8,18.15268905,6.860648815,14.56370415,429.1729023165932,0.9999999999999942
-72.0,-29.6,17.4222788,8.05335162,13.933925825,430.0282535984603,0.9999999999999933
-72.0,-29.4,16.599692225000002,9.6064776,13.236702675,430.878365121766,0.9999999999999915
-72.0,-29.200000000000003,15.6747837,11.430890975,12.4530057,431.7232265281696,0.9999999999999871
-72.0,-29.0,14.659873225000002,13.28603225,11.5859703,432.5628275233015,0.9999999999999925
-72.0,-28.8,13.593638725,14.8421203,10.662115475,433.39715787688846,0.9999999999999997
-72.0,-28.6,12.5325204,15.798699275,9.7233283,434.2262074228785,0.9999999999999953
-72.0,-28.4,11.533803525,16.001148925000003,8.81623127,435.04996605956455,0.9999999999999937
-72.0,-28.200000000000003,10.6397848,15.4881246,7.98135961,435.8684237497077,0.9999999999999989
-72.0,-28.0,9.870470525,14.4530262,7.24467772,436.681570520659,0.9999999999999984
-72.0,-27.8,9.6308005,13.175485357142858,7.004508942857143,437.4893964644818,0.9999999999999968
-72.0,-27.6,9.260851727272728,11.880888181818182,6.641655290909091,438.291891738072,0.9999999999999966
-72.0,-27.4,8.96600175,10.78767475,6.352729,439.0890465632779,0.9999999999999972
-72.0,-27.200000000000003,8.78720025,10.02511325,6.177209375,439.8808512270194,0.9999999999999979
-72.0,-27.0,8.4857665,9.588441,5.8837624,440.6672960814067,0.9999999999999984
-71.8,-30.0,25.5532604375,6.27879303125,19.7365294375,428.3123216983501,0.9999999999999986
-71.8,-29.8,24.640503625,7.13919769375,19.101101125,429.1729023165932,0.9999999999999991
-71.8,-29.6,23.626577,8.37294188125,18.390064625,430.0282535984603,0.9999999999999991
-71.8,-29.4,22.4765056875,10.02944325,17.5629435625,430.878365121766,0.9999999999999973
-71.8,-29.200000000000003,21.174136125,11.9579939375,16.59904821875,431.7232265281696,0.9999999999999929
-71.8,-29.0,19.74241,13.84125725,15.5122863125,432.5628275233015,0.9999999999999932
-71.8,-28.8,18.2443790625,15.3108850625,14.3471219375,433.39715787688846,0.9999999999999994
-71.8,-28.6,16.764449,16.0887090625,13.164937625,434.2262074228785,0.9999999999999968
-71.8,-28.4,15.38161,16.08349859375,12.028673375,435.04996605956455,0.9999999999999964
-71.8,-28.200000000000003,14.1493634375,15.396890375,10.98872128125,435.8684237497077,0.9999999999999996
-71.8,-28.0,13.08967440625,14.2554213125,10.0737464375,436.681570520659,0.999999999999998
-71.8,-27.8,12.19802175,12.9301695625,9.2893541875,437.4893964644818,0.9999999999999972
-71.8,-27.6,11.4524604375,11.6757559375,8.62306864375,438.291891738072,0.9999999999999977
-71.8,-27.4,10.8226754375,10.6697324375,8.0524443,439.0890465632779,0.9999999999999983
-71.8,-27.200000000000003,10.27869778125,9.946896875,7.553790025,439.8808512270194,0.9999999999999989
-71.8,-27.0,9.79898715625,9.36548390625,7.1094171625,440.6672960814067,0.999999999999999
-71.8,-26.8,9.3760213125,8.6351371875,6.7135368125,441.4483715438572,0.9999999999999992
-71.8,-26.6,9.284921416666666,7.3711884916666675,6.633251733333334,442.2240680972132,0.9999999999999994
-71.8,-26.4,9.056787136363637,5.472822709090909,6.439607709090908,442.99437628985686,0.9999999999999993
-71.8,-26.200000000000003,9.0902565625,2.7830231375,6.5390821875,443.75928673582587,0.9999999999999971
-71.8,-26.0,9.1983334,144.416178036,6.74852272,444.5187901149279,0.999999999999987
-71.8,-25.8,9.345222,358.6188125,7.044495,445.272877172854,0.9999999999999861
-71.60000000000001,-30.0,32.1074495,6.495015408333334,22.99789475,428.3123216983501,0.9999999999999902
-71.60000000000001,-29.8,30.98907275,7.372433141666666,22.423299333333333,429.1729023165932,0.999999999999993
-71.60000000000001,-29.6,29.734968,8.69032825,21.757317083333334,430.0282535984603,0.9999999999999968
-71.60000000000001,-29.4,28.293448416666667,10.46588275,20.9494195,430.878365121766,0.9999999999999992
-71.60000000000001,-29.200000000000003,26.64390941666667,12.476969791666669,19.971724166666665,431.7232265281696,0.9999999999999962
-71.60000000000001,-29.0,24.822821833333336,14.344917875,18.8328615,432.5628275233015,0.9999999999999954
-71.60000000000001,-28.8,22.919672833333333,15.692563541666669,17.57650425,433.39715787688846,0.9999999999999996
-71.60000000000001,-28.6,21.046977416666667,16.287681333333335,16.270867208333332,434.2262074228785,0.9999999999999982
-71.60000000000001,-28.4,19.30427708333333,16.103617166666666,14.992123666666666,435.04996605956455,0.9999999999999986
-71.60000000000001,-28.200000000000003,17.755168083333334,15.286032874999998,13.805556916666667,435.8684237497077,0.9999999999999991
-71.60000000000001,-28.0,16.423111416666668,14.074722583333331,12.751710375,436.681570520659,0.9999999999999974
-71.60000000000001,-27.8,15.29943775,12.736230166666669,11.841852208333334,437.4893964644818,0.9999999999999974
-71.60000000000001,-27.6,14.354923958333332,11.509676916666663,11.062673166666668,438.291891738072,0.9999999999999984
-71.60000000000001,-27.4,13.551338875,10.543389916666667,10.388396625,439.0890465632779,0.9999999999999992
-71.60000000000001,-27.200000000000003,12.852523833333334,9.838982208333332,9.794494875,439.8808512270194,0.9999999999999996
-71.60000000000001,-27.0,12.233906916666667,9.236171708333334,9.265695916666669,440.6672960814067,0.9999999999999996
-71.60000000000001,-26.8,11.688822416666667,8.439090083333333,8.798979666666666,441.4483715438572,0.9999999999999994
-71.60000000000001,-26.6,11.230509083333333,7.090473508333333,8.40882325,442.2240680972132,0.9999999999999991
-71.60000000000001,-26.4,10.887373583333334,4.961241566666667,8.132908483333333,442.99437628985686,0.9999999999999983
-71.60000000000001,-26.200000000000003,10.688027791666668,2.250660105833333,8.019448991666666,443.75928673582587,0.9999999999999948
-71.60000000000001,-26.0,10.638824291666667,239.68874076916663,8.084967358333333,444.5187901149279,0.9999999999999876
-71.60000000000001,-25.8,10.707713583333332,358.11760166666664,8.277322083333333,445.272877172854,0.9999999999999997
-71.60000000000001,-25.6,10.829255958333334,357.90727,8.492960516666667,446.0215387212912,0.9999999999999769
-71.60000000000001,-25.4,10.99613,358.7948118181818,8.687091863636363,446.76476563803504,0.9999999999999999
-71.60000000000001,-25.200000000000003,11.329904125,90.4945691725,8.948697,447.5025488670998,0.9999999999999996
-71.60000000000001,-25.0,11.292894,1.71135275,8.8831615,448.23487941883,0.999999999999487
-71.4,-30.0,39.6763824375,6.7285789375,25.2802850625,428.3123216983501,0.9999999999999873
-71.4,-29.8,38.3829611875,7.63381661875,24.859762875,429.1729023165932,0.9999999999999909
-71.4,-29.6,36.9137119375,9.0486735,24.3609255,430.0282535984603,0.9999999999999956
-71.4,-29.4,35.19679,10.93952228125,23.7305978125,430.878365121766,0.9999999999999992
-71.4,-29.200000000000003,33.205546,13.0055736875,22.929583125,431.7232265281696,0.999999999999997
-71.4,-29.0,30.98962825,14.8164924375,21.9439975625,432.5628275233015,0.9999999999999971
-71.4,-28.8,28.6652783125,16.007251,20.7934710625,433.39715787688846,0.9999999999999999
-71.4,-28.6,26.374057,16.4075715,19.53302725,434.2262074228785,0.9999999999999993
-71.4,-28.4,24.238073875,16.054082875,18.2409950625,435.04996605956455,0.9999999999999999
-71.4,-28.200000000000003,22.3343450625,15.12225728125,16.996805375,435.8684237497077,0.9999999999999983
-71.4,-28.0,20.69151,13.85336425,15.8601330625,436.681570520659,0.9999999999999972
-71.4,-27.8,19.299129125,12.5076441875,14.8583470625,437.4893964644818,0.999999999999998
-71.4,-27.6,18.1211803125,11.30972246875,13.9866459375,438.291891738072,0.9999999999999991
-71.4,-27.4,17.111331625,10.374393625,13.22258271875,439.0890465632779,0.9999999999999998
-71.4,-27.200000000000003,16.227891624999998,9.66533028125,12.544879625,439.8808512270194,0.9999999999999999
-71.4,-27.0,15.444697375,9.01177996875,11.9421134375,440.6672960814067,0.9999999999999999
-71.4,-26.8,14.75696396875,8.13956536875,11.41227909375,441.4483715438572,0.9999999999999998
-71.4,-26.6,14.18371840625,6.71486628125,10.96706678125,442.2240680972132,0.9999999999999992
-71.4,-26.4,13.7637058125,4.512066925,10.641879125,442.99437628985686,0.9999999999999983
-71.4,-26.200000000000003,13.5366128125,1.73050715,10.4861079375,443.75928673582587,0.9999999999999963
-71.4,-26.0,13.51097809375,314.128507378625,10.51477928125,444.5187901149279,0.9999999999999988
-71.4,-25.8,13.63973834375,357.606866875,10.6649504375,445.272877172854,0.9999999999999907
-71.4,-25.6,13.8275501875,357.57887125,10.82117534375,446.0215387212912,0.9999999999998794
-71.4,-25.4,13.96900909375,358.806621875,10.88502196875,446.76476563803504,0.877768293213516
-71.4,-25.200000000000003,13.9886785,68.23752458874999,10.81463753125,447.5025488670998,0.7166605087760671
-71.4,-25.0,13.92979,2.07825055,10.709035,448.23487941883,0.6350160316372656
-71.2,-30.0,48.988523625,7.054025575,26.2659426875,428.3123216983501,0.9999999999999953
-71.2,-29.8,47.56864625,7.97581865,26.0795558125,429.1729023165932,0.9999999999999994
-71.2,-29.6,45.9351868125,9.4782580625,25.8705120625,430.0282535984603,0.9999999999999999
-71.2,-29.4,43.9931385625,11.4587869375,25.5944275625,430.878365121766,0.9999999999999984
-71.2,-29.200000000000003,41.705512125,13.53197178125,25.1997185,431.7232265281696,0.9999999999999947
-71.2,-29.0,39.12871425,15.22876190625,24.6344225625,432.5628275233015,0.999999999999998
-71.2,-28.8,36.3988145,16.219070625,23.869897125,433.39715787688846,0.9999999999999997
-71.2,-28.6,33.6819540625,16.40758725,22.9226391875,434.2262074228785,0.9999999999999999
-71.2,-28.4,31.123213125,15.8885860625,21.852527625,435.04996605956455,0.9999999999999996
-71.2,-28.200000000000003,28.8183548125,14.8531278125,20.7412449375,435.8684237497077,0.9999999999999982
-71.2,-28.0,26.8088153125,13.534591125,19.66589025,436.681570520659,0.9999999999999984
-71.2,-27.8,25.0888305625,12.18299053125,18.6770125625,437.4893964644818,0.999999999999999
-71.2,-27.6,23.6193161875,11.00376859375,17.790325375000002,438.291891738072,0.9999999999999997
-71.2,-27.4,22.3478973125,10.07523878125,16.99804334375,439.0890465632779,0.9999999999999999
-71.2,-27.200000000000003,21.2290794375,9.331996375,16.287584375,439.8808512270194,0.9999999999999999
-71.2,-27.0,20.236223625,8.61705640625,15.64935134375,440.6672960814067,0.9999999999999999
-71.2,-26.8,19.3659575625,7.70922175625,15.075413375,441.4483715438572,0.9999999999999999
-71.2,-26.6,18.6414748125,6.32338764375,14.5660985625,442.2240680972132,0.9999999999999998
-71.2,-26.4,18.1107088125,4.24022005,14.1458665,442.99437628985686,0.9999999999999998
-71.2,-26.200000000000003,17.8242184375,1.61744139125,13.858821625,443.75928673582587,0.9999999999999999
-71.2,-26.0,17.7919826875,336.658631778125,13.7203179375,444.5187901149279,0.9999999999999938
-71.2,-25.8,17.9492941875,357.75760625,13.67185140625,445.272877172854,0.9999999999999653
-71.2,-25.6,18.16752575,357.87241,13.6116709375,446.0215387212912,0.766193003337482
-71.2,-25.4,18.308623875,314.2813733765625,13.46801665625,446.76476563803504,0.4978413585525137
-71.2,-25.200000000000003,18.28104675,1.370461465625,13.2284005625,447.5025488670998,0.3080393489571092
-71.2,-25.0,18.17119825,2.763884925,13.042787375,448.23487941883,0.16252404769715117
-71.0,-30.0,59.4142809,7.620165555,25.0905041,428.3123216983501,0.9999999999999959
-71.0,-29.8,57.965787850000005,8.4877364,25.1355948,429.1729023165932,0.9999999999999915
-71.0,-29.6,56.296476,9.997912325,25.26798035,430.0282535984603,0.9999999999999867
-71.0,-29.4,54.29245970000001,11.972257,25.4649789,430.878365121766,0.9999999999999858
-71.0,-29.200000000000003,51.901373850000006,13.952793425,25.66630055,431.7232265281696,0.9999999999999922
-71.0,-29.0,49.1690947,15.458446475,25.7760025,432.5628275233015,0.9999999999999999
-71.0,-28.8,46.2272316,16.2142496,25.70325755,433.39715787688846,0.9999999999999988
-71.0,-28.6,43.24486645,16.1966226,25.40547445,434.2262074228785,0.9999999999999999
-71.0,-28.4,40.3784397,15.5383175,24.8991025,435.04996605956455,0.9999999999999986
-71.0,-28.200000000000003,37.742195550000005,14.43001275,24.2428339,435.8684237497077,0.9999999999999999
-71.0,-28.0,35.3979397,13.088453950000002,23.51188335,436.681570520659,0.999999999999999
-71.0,-27.8,33.355469750000005,11.742121075,22.7731688,437.4893964644818,0.9999999999999998
-71.0,-27.6,31.58363495,10.56700425,22.06943595,438.291891738072,0.9999999999999999
-71.0,-27.4,30.03285805,9.616010075,21.41826805,439.0890465632779,0.9999999999999999
-71.0,-27.200000000000003,28.65829335,8.832026299999999,20.81867115,439.8808512270194,0.9999999999999999
-71.0,-27.0,27.43165275,8.110003254999999,20.2549417,440.6672960814067,0.9999999999999999
-71.0,-26.8,26.34562135,7.29468212,19.7016827,441.4483715438572,0.9999999999999999
-71.0,-26.6,25.42152625,6.14158779,19.1397543,442.2240680972132,0.9999999999999999
-71.0,-26.4,24.7124962,4.4241062200000005,18.57762925,442.99437628985686,0.9999999999999999
-71.0,-26.200000000000003,24.27851935,2.2298809425000004,18.0513443,443.75928673582587,0.9999999999999997
-71.0,-26.0,24.13199345,144.14446203365,17.584453325,444.5187901149279,0.999999999999999
-71.0,-25.8,24.19500145,358.9772645,17.150062675,445.272877172854,0.621067797570582
-71.0,-25.6,24.31469875,323.1939439368,16.6980222,446.0215387212912,0.298997161892302
-71.0,-25.4,24.3329792,90.6123353685,16.2118047,446.76476563803504,0.1066924429267777
-71.0,-25.200000000000003,24.15458795,2.613091995,15.71587135,447.5025488670998,2.9673525975457238e-05
-71.0,-25.0,23.9413994,3.89301342,15.4150623,448.23487941883,2.2223081963873673e-16
-70.8,-30.0,68.871512375,8.68943296875,22.027225,428.3123216983501,0.9999999999999707
-70.8,-29.8,67.47011675,9.338505375,22.1660751875,429.1729023165932,0.9999999999999809
-70.8,-29.6,65.8939754375,10.67026846875,22.52683375,430.0282535984603,0.9999999999999926
-70.8,-29.4,64.0231973125,12.4566185,23.112349,430.878365121766,0.999999999999999
-70.8,-29.200000000000003,61.7902150625,14.204222625,23.86206775,431.7232265281696,0.9999999999999989
-70.8,-29.0,59.2137466875,15.4476505,24.6497645,432.5628275233015,0.9999999999999907
-70.8,-28.8,56.3924746875,15.9649259375,25.333261875,433.39715787688846,0.9999999999999999
-70.8,-28.6,53.4682825625,15.7776919375,25.8114733125,434.2262074228785,0.9999999999999865
-70.8,-28.4,50.5853356875,15.03150590625,26.0464315625,435.04996605956455,0.9999999999999944
-70.8,-28.200000000000003,47.8623204375,13.905064625,26.0540286875,435.8684237497077,0.9999999999999284
-70.8,-28.0,45.377194,12.5898465625,25.8847838125,436.681570520659,0.999999999999989
-70.8,-27.8,43.160421125,11.2779380625,25.6040053125,437.4893964644818,0.9999999999999973
-70.8,-27.6,41.2003279375,10.1116254375,25.272311625,438.291891738072,0.9999999999999996
-70.8,-27.4,39.461299625,9.14503371875,24.9285971875,439.0890465632779,0.9999999999999999
-70.8,-27.200000000000003,37.902951375,8.37111721875,24.5790575625,439.8808512270194,0.9999999999999989
-70.8,-27.0,36.49060775,7.7514875625,24.1977866875,440.6672960814067,0.8548671161845137
-70.8,-26.8,35.204846125,7.168744025,23.74296925,441.4483715438572,0.6690811530187105
-70.8,-26.6,34.059000875,6.37911920625,23.1827469375,442.2240680972132,0.9999999999999976
-70.8,-26.4,33.108439375,5.13510766875,22.5163276875,442.99437628985686,0.9999999999999993
-70.8,-26.200000000000003,32.422011375,3.470419975,21.7746495625,443.75928673582587,0.9999999999999344
-70.8,-26.0,32.0186395,1.8629529375,20.9937275,444.5187901149279,0.37778326768740594
-70.8,-25.8,31.8203740625,1.0033473225,20.19019225,445.272877172854,0.043528254505713515
-70.8,-25.6,31.672457875,1.301972933125,19.3784533125,446.0215387212912,2.4919874696444392e-17
-70.8,-25.4,31.420552125,2.5914063,18.596862625,446.76476563803504,1.3819509155370476e-14
-70.8,-25.200000000000003,30.9810254375,4.29584745,17.891343625,447.5025488670998,2.0468329378359126e-14
-70.8,-25.0,30.6145475,5.332453825,17.49690375,448.23487941883,2.372342236214383e-14
-70.60000000000001,-30.0,75.10572958333333,10.274792041666666,18.781376666666667,428.3123216983501,0.9999999999999862
-70.60000000000001,-29.8,73.74890416666666,10.539762375,18.86746825,429.1729023165932,0.9999999999999759
-70.60000000000001,-29.6,72.29168366666667,11.49629025,19.268502,430.0282535984603,0.9999999999999679
-70.60000000000001,-29.4,70.61924333333333,12.922918708333334,20.005891583333334,430.878365121766,0.9999999999999686
-70.60000000000001,-29.200000000000003,68.65536708333333,14.337104041666668,21.028710666666665,431.7232265281696,0.9999999999999947
-70.60000000000001,-29.0,66.39205175,15.300047291666669,22.2076225,432.5628275233015,0.9999999999999988
-70.60000000000001,-28.8,63.88913466666667,15.61679175,23.38031383333333,433.39715787688846,0.9999999999991501
-70.60000000000001,-28.6,61.25011466666667,15.31828625,24.410197083333333,434.2262074228785,0.7090495128651696
-70.60000000000001,-28.4,58.59190175,14.54165925,25.21617875,435.04996605956455,0.4827749220742522
-70.60000000000001,-28.200000000000003,56.02116158333333,13.446676083333337,25.7726855,435.8684237497077,0.5894607914222658
-70.60000000000001,-28.0,53.61811958333333,12.19480375,26.099219916666662,436.681570520659,0.9081299157738337
-70.60000000000001,-27.8,51.4265725,10.939907583333332,26.24684183333333,437.4893964644818,0.9999999999999991
-70.60000000000001,-27.6,49.45352125,9.802323041666666,26.2771995,438.291891738072,0.9999999999999996
-70.60000000000001,-27.4,47.678565166666665,8.858551375,26.23511125,439.0890465632779,0.9999999999999979
-70.60000000000001,-27.200000000000003,46.0649665,8.158243941666667,26.127979083333333,439.8808512270194,0.5892474955283975
-70.60000000000001,-27.0,44.569387416666665,7.706008741666667,25.927081916666666,440.6672960814067,2.2289935532858948e-14
-70.60000000000001,-26.8,43.159662833333336,7.3821507,25.5904405,441.4483715438572,3.1268724370661157e-15
-70.60000000000001,-26.6,41.84250325,6.914681816666668,25.0894155,442.2240680972132,0.09091630280673146
-70.60000000000001,-26.4,40.67609783333334,6.035684366666668,24.42386958333333,442.99437628985686,0.11748226170106607
-70.60000000000001,-26.200000000000003,39.737347416666665,4.7592404833333335,23.622722083333333,443.75928673582587,1.0626652504651207e-15
-70.60000000000001,-26.0,39.05397916666666,3.5075939083333334,22.72954633333333,444.5187901149279,5.212086820376745e-15
-70.60000000000001,-25.8,38.55825116666667,2.880565616666667,21.78924166666667,445.272877172854,5.83155049889439e-15
-70.60000000000001,-25.6,38.109898,3.215931383333333,20.855290166666663,446.0215387212912,5.901770753478918e-16
-70.60000000000001,-25.4,37.57235441666666,4.3390712,19.990904,446.76476563803504,3.0422484260619365e-17
-70.60000000000001,-25.200000000000003,36.87737991666666,5.734768133333333,19.24026183333333,447.5025488670998,6.252945319028923e-15
-70.60000000000001,-25.0,36.368955,6.5460074666666666,18.828487666666668,448.23487941883,1.4561395962303522e-14
-70.4,-30.0,80.14093725000001,13.1298468125,15.2669825,428.3123216983501,0.9999999999999999
-70.4,-29.8,78.802344625,12.71029625,15.221611875,429.1729023165932,0.9999999999999999
-70.4,-29.6,77.45973975,12.9455845,15.537121625,430.0282535984603,0.999999999999998
-70.4,-29.4,76.010399125,13.69634028125,16.25210853125,430.878365121766,0.9999999999999817
-70.4,-29.200000000000003,74.3746965,14.5460975,17.3369855,431.7232265281696,0.9999999999999604
-70.4,-29.0,72.5203040625,15.09759725,18.6842059375,432.5628275233015,0.9999999999999999
-70.4,-28.8,70.466559,15.16264271875,20.1391739375,433.39715787688846,0.6793510916542689
-70.4,-28.6,68.2720946875,14.75209675,21.5500155625,434.2262074228785,0.27470217348459136
-70.4,-28.4,66.0156183125,13.97297034375,22.80161275,435.04996605956455,0.03125588335606823
-70.4,-28.200000000000003,63.7784536875,12.94988575,23.8272081875,435.8684237497077,0.12232686601096612
-70.4,-28.0,61.6310336875,11.80002925,24.609443875,436.681570520659,0.3783406726759027
-70.4,-27.8,59.6225938125,10.63448865625,25.173761,437.4893964644818,0.6000198302825283
-70.4,-27.6,57.77484825,9.56345665625,25.567383875,438.291891738072,0.6335048356804072
-70.4,-27.4,56.08003125,8.70253228125,25.8277185,439.0890465632779,0.3336097699308122
-70.4,-27.200000000000003,54.502675375,8.1580077875,25.9605680625,439.8808512270194,2.660396059041738e-14
-70.4,-27.0,52.9902781875,7.953953825,25.944630375,440.6672960814067,1.889947397263759e-15
-70.4,-26.8,51.50097875,7.93692053125,25.753747625,441.4483715438572,1.666867895974531e-16
-70.4,-26.6,50.039728125,7.787571168749999,25.3740699375,442.2240680972132,1.7592429015618476e-15
-70.4,-26.4,48.6706514375,7.2202454625,24.810121375,442.99437628985686,6.66255758787897e-16
-70.4,-26.200000000000003,47.479329375,6.25044436875,24.0880641875,443.75928673582587,8.818869460931959e-17
-70.4,-26.0,46.5039473125,5.2709005,23.254153125,444.5187901149279,1.0525246072654333e-15
-70.4,-25.8,45.6931003125,4.8046163,22.36949575,445.272877172854,4.686626412753525e-15
-70.4,-25.6,44.9301419375,5.11555916875,21.5068358125,446.0215387212912,7.113414210258024e-15
-70.4,-25.4,44.1026685625,6.02591650625,20.7330445625,446.76476563803504,5.0465531131688465e-15
-70.4,-25.200000000000003,43.157203625,7.100965,20.07758025,447.5025488670998,1.4380599904730976e-15
-70.4,-25.0,42.5120155,7.70171685,19.71968025,448.23487941883,9.801260708116704e-20
-70.2,-30.0,84.53982925,18.6883688125,11.45693921875,428.3123216983501,0.9999999999999827
-70.2,-29.8,83.1862193125,17.088613062500002,11.249563375,429.1729023165932,0.9999999999999941
-70.2,-29.6,81.938197,15.9842054375,11.373243625,430.0282535984603,0.9999999999999998
-70.2,-29.4,80.713491,15.427398875,11.88954040625,430.878365121766,0.9999999999999999
-70.2,-29.200000000000003,79.4370515,15.18427840625,12.80555875,431.7232265281696,0.9999999999995649
-70.2,-29.0,78.0583868125,14.96312415625,14.0611313125,432.5628275233015,0.7842289514608054
-70.2,-28.8,76.5585943125,14.57790396875,15.5403759375,433.39715787688846,0.391202094614482
-70.2,-28.6,74.9482080625,13.9797839375,17.10425475,434.2262074228785,0.024763931321452857
-70.2,-28.4,73.2589985,13.2014038125,18.622762875,435.04996605956455,1.7736907805689155e-14
-70.2,-28.200000000000003,71.5348375625,12.29175925,19.9963235625,435.8684237497077,2.2570867977497188e-14
-70.2,-28.0,69.8239945625,11.294550625,21.168225875,436.681570520659,1.0871435581058467e-14
-70.2,-27.8,68.170403875,10.27336996875,22.1253415,437.4893964644818,0.02908314042209716
-70.2,-27.6,66.6013253125,9.34687053125,22.881188,438.291891738072,5.275455684595148e-15
-70.2,-27.4,65.11404175,8.6861711875,23.44990325,439.0890465632779,5.2428064926946e-15
-70.2,-27.200000000000003,63.67054025,8.4421345,23.8330081875,439.8808512270194,3.584034059227312e-15
-70.2,-27.0,62.2118673125,8.618950250000001,24.0273731875,440.6672960814067,1.814141885633186e-15
-70.2,-26.8,60.6947956875,8.9882280625,24.03617275,441.4483715438572,2.208201501777117e-16
-70.2,-26.6,59.131136875,9.1654190625,23.8663790625,442.2240680972132,1.7779186784357793e-15
-70.2,-26.4,57.5947984375,8.8586798625,23.52569475,442.99437628985686,1.4574739030918974e-15
-70.2,-26.200000000000003,56.17941725,8.11091883125,23.0335585,443.75928673582587,2.4853905958572187e-16
-70.2,-26.0,54.9335066875,7.3062508875,22.43295075,444.5187901149279,9.647202009803383e-16
-70.2,-25.8,53.82591875,6.90052385625,21.789557,445.272877172854,3.67959157339277e-15
-70.2,-25.6,52.769628625,7.093101725,21.178215,446.0215387212912,8.550563081945714e-15
-70.2,-25.4,51.6792468125,7.72382369375,20.6547755,446.76476563803504,1.571606265754762e-14
-70.2,-25.200000000000003,50.5130963125,8.4590487125,20.2302165625,447.5025488670998,2.4521531130677032e-14
-70.2,-25.0,49.74871175,8.8592435,20.0018705,448.23487941883,3.564655200777715e-14
-70.0,-30.0,87.8874635,29.28883805,7.955730104999999,428.3123216983501,0.999999999999988
-70.0,-29.8,86.5006115,26.0263772,7.640907319999999,429.1729023165932,0.9999999999999903
-70.0,-29.6,85.3026837,22.86088155,7.517430604999999,430.0282535984603,0.9999999999999987
-70.0,-29.4,84.24433984999999,19.94623355,7.682870435,430.878365121766,0.9999999999999999
-70.0,-29.200000000000003,83.27075794999999,17.42758245,8.199863305,431.7232265281696,0.8576614805605091
-70.0,-29.0,82.329274,15.434031625,9.07218473,432.5628275233015,0.5545050864961473
-70.0,-28.8,81.376,13.952616825000002,10.24162093,433.39715787688846,0.1956889726404374
-70.0,-28.6,80.38134260000001,12.8512634,11.60979235,434.2262074228785,1.155252637734382e-13
-70.0,-28.4,79.33191255,11.974360175,13.066263425,435.04996605956455,1.1135776291683598e-16
-70.0,-28.200000000000003,78.2303938,11.182994025,14.510300425,435.8684237497077,7.802434776721313e-15
-70.0,-28.0,77.0942077,10.38627915,15.864076575,436.681570520659,2.2595048156900125e-14
-70.0,-27.8,75.948168,9.60262845,17.0755437,437.4893964644818,1.2230532898743771e-14
-70.0,-27.6,74.80765555,8.989703375000001,18.11085785,438.291891738072,3.5335512993740355e-15
-70.0,-27.4,73.65976775,8.7742535,18.9467501,439.0890465632779,2.4545993017655403e-16
-70.0,-27.200000000000003,72.45864915,9.095645275,19.5751156,439.8808512270194,2.4155558146662772e-15
-70.0,-27.0,71.1463579,9.85534775,20.011348,440.6672960814067,3.3297443729580804e-15
-70.0,-26.8,69.692511,10.6926454,20.284568,441.4483715438572,1.3434543299108889e-15
-70.0,-26.6,68.12641225,11.1565785,20.41403175,442.2240680972132,1.0912338073472583e-15
-70.0,-26.4,66.53322419999999,10.990512725,20.4038062,442.99437628985686,2.872858167927908e-15
-70.0,-26.200000000000003,65.00995175,10.309859,20.26369775,443.75928673582587,2.7864107881066874e-15
-70.0,-26.0,63.61102985,9.518199925,20.02828625,444.5187901149279,2.2402779753056108e-15
-70.0,-25.8,62.32418524999999,9.024957,19.7553724,445.272877172854,1.442201107966122e-15
-70.0,-25.6,61.09130785,8.992005825,19.5071084,446.0215387212912,1.1397161732744048e-16
-70.0,-25.4,59.8511228,9.300617525,19.3234007,446.76476563803504,3.559210302302672e-16
-70.0,-25.200000000000003,58.5693312,9.711314725,19.20677635,447.5025488670998,5.872250262618879e-16
-70.0,-25.0,57.74635980000001,9.93269,19.156914,448.23487941883,2.0319485978374874e-17
-69.8,-30.0,89.9341134375,45.2455738125,5.450879275,428.3123216983501,0.9999999999999383
-69.8,-29.8,88.545541375,40.46271725,5.14587189375,429.1729023165932,0.9999999999990917
-69.8,-29.6,87.36320075,35.5316554375,4.839291375,430.0282535984603,0.968506596053311
-69.8,-29.4,86.3817873125,29.805361,4.6524316625,430.878365121766,0.8472078982588109
-69.8,-29.200000000000003,85.58276125,23.47014425,4.715544175,431.7232265281696,0.6253331795962377
-69.8,-29.0,84.9291084375,17.720817687500002,5.10426949375,432.5628275233015,0.3282643456007628
-69.8,-28.8,84.3699556875,13.591453625,5.8077536375,433.39715787688846,0.07539540155956462
-69.8,-28.6,83.8528244375,11.1296498125,6.7607614625,434.2262074228785,8.576238559160546e-15
-69.8,-28.4,83.334697125,9.7874129375,7.88727981875,435.04996605956455,4.5947001739285074e-14
-69.8,-28.200000000000003,82.78873775,8.9893700125,9.1179582,435.8684237497077,1.7631534073944197e-14
-69.8,-28.0,82.2055366875,8.396279975,10.38849521875,436.681570520659,3.159725567863935e-16
-69.8,-27.8,81.5844929375,7.98367395625,11.6332885625,437.4893964644818,2.5105054563192388e-15
-69.8,-27.6,80.915184125,7.96435301875,12.78486875,438.291891738072,9.815305260069147e-15
-69.8,-27.4,80.16134,8.56990396875,13.786984,439.0890465632779,5.822006516390342e-15
-69.8,-27.200000000000003,79.26464849999999,9.8146748125,14.615907,439.8808512270194,8.560681840085431e-16
-69.8,-27.0,78.172686,11.38825346875,15.2852920625,440.6672960814067,2.0100278898163804e-15
-69.8,-26.8,76.87491568749999,12.75774715625,15.82140890625,441.4483715438572,4.562267416751692e-15
-69.8,-26.6,75.420865875,13.4433015,16.23562959375,442.2240680972132,2.974675910532599e-15
-69.8,-26.4,73.9043366875,13.2875080625,16.5267913125,442.99437628985686,2.2126862257076516e-16
-69.8,-26.200000000000003,72.4208193125,12.52324259375,16.7039128125,443.75928673582587,1.3043960801390245e-15
-69.8,-26.0,71.025494,11.60272690625,16.798203,444.5187901149279,3.7669505460473975e-15
-69.8,-25.8,69.7185044375,10.9221814375,16.8555521875,445.272877172854,6.0231076165047796e-15
-69.8,-25.6,68.4623846875,10.6353593125,16.919677125,446.0215387212912,8.272496444884107e-15
-69.8,-25.4,67.213007125,10.65956784375,17.0168166875,446.76476563803504,1.0290561355525618e-14
-69.8,-25.200000000000003,65.9420594375,10.8013934375,17.1516348125,447.5025488670998,1.2430465905999014e-14
-69.8,-25.0,65.1345095,10.86574725,17.250681,448.23487941883,1.6098057511295934e-14
-69.60000000000001,-30.0,90.79494366666668,61.75863133333333,4.163056891666667,428.3123216983501,0.9573963482392505
-69.60000000000001,-29.8,89.45187958333334,55.90529791666666,3.939201308333333,429.1729023165932,0.8659294547427889
-69.60000000000001,-29.6,88.28250883333334,50.50990625,3.5878462583333337,430.0282535984603,0.7523907098127273
-69.60000000000001,-29.4,87.32103699999999,43.43145875,3.20269955,430.878365121766,0.5776349361381558
-69.60000000000001,-29.200000000000003,86.58453658333333,33.515833666666666,2.954016075,431.7232265281696,0.3497894871847391
-69.60000000000001,-29.0,86.05622383333333,22.474011666666662,2.9927916166666666,432.5628275233015,0.1317661012851136
-69.60000000000001,-28.8,85.688858,13.754121666666668,3.34946445,433.39715787688846,4.11259691956358e-12
-69.60000000000001,-28.6,85.42320074999999,8.689978733333334,3.961025133333333,434.2262074228785,2.3407102029341564e-14
-69.60000000000001,-28.4,85.20611708333333,6.2875243083333325,4.763897583333333,435.04996605956455,1.8988334130154874e-19
-69.60000000000001,-28.200000000000003,85.00032141666667,5.231667958333333,5.7199480750000005,435.8684237497077,6.682565620977485e-16
-69.60000000000001,-28.0,84.78376583333333,4.804090258333333,6.7937830833333335,436.681570520659,1.3226246043628847e-14
-69.60000000000001,-27.8,84.5374575,4.913125533333333,7.930753116666668,437.4893964644818,1.474966578803639e-14
-69.60000000000001,-27.6,84.2267625,5.777239616666667,9.057080483333332,438.291891738072,4.199057589775293e-15
-69.60000000000001,-27.4,83.79163824999999,7.526698241666668,10.104288166666668,439.0890465632779,1.7304653336282545e-16
-69.60000000000001,-27.200000000000003,83.16008166666667,9.943284291666666,11.036066208333333,439.8808512270194,5.50804891305734e-15
-69.60000000000001,-27.0,82.28140741666667,12.458637416666669,11.847233708333334,440.6672960814067,5.389634386398504e-15
-69.60000000000001,-26.8,81.15785749999999,14.396368166666669,12.538164041666668,441.4483715438572,1.2116152271541715e-15
-69.60000000000001,-26.6,79.85194583333333,15.300781375,13.10136425,442.2240680972132,1.4813897685574742e-15
-69.60000000000001,-26.4,78.46285133333333,15.135769291666668,13.535374291666663,442.99437628985686,4.815493221094332e-15
-69.60000000000001,-26.200000000000003,77.08523025,14.250142166666668,13.861,443.75928673582587,7.358891007673367e-15
-69.60000000000001,-26.0,75.774409,13.161744625,14.117606458333334,444.5187901149279,8.813736265768146e-15
-69.60000000000001,-25.8,74.53636949999999,12.294641541666666,14.346278666666665,445.272877172854,1.0840738575140526e-14
-69.60000000000001,-25.6,73.34327875,11.818709166666666,14.576317,446.0215387212912,1.3457249006425881e-14
-69.60000000000001,-25.4,72.15947708333333,11.662120708333331,14.821848666666668,446.76476563803504,1.6253955450365267e-14
-69.60000000000001,-25.200000000000003,70.96161583333334,11.624845416666666,15.086751916666666,447.5025488670998,1.868850916060456e-14
-69.60000000000001,-25.0,70.20433200000001,11.568865,15.261539333333332,448.23487941883,2.0142709438491365e-14
-69.4,-30.0,91.14079125,81.6431189375,3.3730227875,428.3123216983501,0.6671122880407315
-69.4,-29.8,89.892345625,74.096105625,3.23713026875,429.1729023165932,0.5786879057410925
-69.4,-29.6,88.761062625,68.366967625,2.9219385625,430.0282535984603,0.44192173665738455
-69.4,-29.4,87.8186475625,61.2568299375,2.449155125,430.878365121766,0.27715065962885066
-69.4,-29.200000000000003,87.11657575,49.274858,1.98433093125,431.7232265281696,0.11552078176945098
-69.4,-29.0,86.6587793125,31.441783375,1.74827043125,432.5628275233015,1.5438402619917663e-26
-69.4,-28.8,86.40513075,13.99621675,1.8492393125,433.39715787688846,7.155663130209907e-16
-69.4,-28.6,86.296943375,70.8284507875,2.2144036,434.2262074228785,1.3544894566886841e-20
-69.4,-28.4,86.281753125,223.52019614125,2.7571809875,435.04996605956455,8.766337522725735e-15
-69.4,-28.200000000000003,86.323788375,266.7912462,3.4569231875,435.8684237497077,1.8885748027789882e-14
-69.4,-28.0,86.3982554375,266.7081306,4.307156925,436.681570520659,1.8197751283951097e-14
-69.4,-27.8,86.4734830625,245.458147515,5.27193409375,437.4893964644818,5.721856744270871e-15
-69.4,-27.6,86.4921258125,135.580051106875,6.28662864375,438.291891738072,1.1798103723570616e-16
-69.4,-27.4,86.3685981875,4.388565978125,7.2893044625,439.0890465632779,6.760166863550959e-15
-69.4,-27.200000000000003,86.01254425,8.759647031250001,8.24175633125,439.8808512270194,8.064896159257708e-15
-69.4,-27.0,85.36781225,12.79238453125,9.11588885,440.6672960814067,1.993380220462462e-15
-69.4,-26.8,84.4417638125,15.690473125,9.8746851875,441.4483715438572,1.6486762595231806e-15
-69.4,-26.6,83.30551275,17.070196312500002,10.4845894375,442.2240680972132,5.911218542048509e-15
-69.4,-26.4,82.0647658125,17.03264,10.94534234375,442.99437628985686,8.996592861803826e-15
-69.4,-26.200000000000003,80.81818775,16.04964134375,11.29818896875,443.75928673582587,8.78509256933478e-15
-69.4,-26.0,79.6249861875,14.745815625,11.6024589375,444.5187901149279,7.7363908406037e-15
-69.4,-25.8,78.4959986875,13.6398396875,11.9044754375,445.272877172854,8.207104054048497e-15
-69.4,-25.6,77.40810625,12.9604771875,12.2238960625,446.0215387212912,9.99621072881647e-15
-69.4,-25.4,76.3292943125,12.638524375,12.56050384375,446.76476563803504,1.2889184010349051e-14
-69.4,-25.200000000000003,75.23958175,12.4338668125,12.90839309375,447.5025488670998,1.5280370910972113e-14
-69.4,-25.0,74.55285649999999,12.255376,13.129690875,448.23487941883,1.6198992091520135e-14
-69.2,-30.0,91.0836928125,105.33298875,2.9264866625,428.3123216983501,0.303033406018808
-69.2,-29.8,89.991558875,94.89523525,2.80851786875,429.1729023165932,0.25607240866479064
-69.2,-29.6,88.9518349375,87.11024168750001,2.5306561625,430.0282535984603,0.16052135183194224
-69.2,-29.4,88.0677806875,78.8013364375,2.03974173125,430.878365121766,0.05786329651543868
-69.2,-29.200000000000003,87.4196713125,64.774476875,1.47770754375,431.7232265281696,1.2781780899157044e-27
-69.2,-29.0,87.029030625,39.137991625,1.10617493125,432.5628275233015,9.236255220253921e-18
-69.2,-28.8,86.8635135,54.748360475,1.112205995,433.39715787688846,1.7307988934288474e-14
-69.2,-28.6,86.8699963125,329.44319758125,1.3906057375,434.2262074228785,2.2516766636273374e-14
-69.2,-28.4,87.0055355625,344.094279375,1.8053916375,435.04996605956455,2.3099039171734868e-14
-69.2,-28.200000000000003,87.2467313125,341.30259875,2.34368259375,435.8684237497077,1.82885263880255e-14
-69.2,-28.0,87.5760565625,341.660549375,3.013494325,436.681570520659,9.669385809585684e-15
-69.2,-27.8,87.9557789375,344.68519125,3.78569945,437.4893964644818,2.1578036537197787e-15
-69.2,-27.6,88.3076145625,350.087103125,4.60853841875,438.291891738072,2.6519611160982754e-15
-69.2,-27.4,88.5169315625,289.68628100625,5.44814744375,439.0890465632779,1.0415637801161371e-14
-69.2,-27.200000000000003,88.4667840625,27.2625945375,6.2916693312500005,439.8808512270194,7.65249997557283e-15
-69.2,-27.0,88.084899375,11.42124734375,7.10519348125,440.6672960814067,6.886271890596628e-16
-69.2,-26.8,87.37514025,16.172798,7.8164533625,441.4483715438572,3.5302469154586712e-15
-69.2,-26.6,86.4149340625,18.68139525,8.35949588125,442.2240680972132,8.425781078977968e-15
-69.2,-26.4,85.321724125,19.159152125,8.729275062500001,442.99437628985686,1.081948415013365e-14
-69.2,-26.200000000000003,84.2074321875,18.1981016875,8.98844384375,443.75928673582587,9.61468353711125e-15
-69.2,-26.0,83.142847125,16.599012125,9.22525003125,444.5187901149279,8.671879090497061e-15
-69.2,-25.8,82.146081375,15.10163059375,9.50304678125,445.272877172854,9.97072318090404e-15
-69.2,-25.6,81.19612875,14.0955796875,9.8400063125,446.0215387212912,1.2922411201074496e-14
-69.2,-25.4,80.25997075,13.539109125,10.22213103125,446.76476563803504,1.579923580932922e-14
-69.2,-25.200000000000003,79.31699375,13.1289054375,10.6260714375,447.5025488670998,1.7276414396337052e-14
-69.2,-25.0,78.7242775,12.811028875,10.8810915,448.23487941883,1.8963570809132033e-14
-69.0,-30.0,90.6085331,126.3797163,2.706095285,428.3123216983501,0.053027198435274085
-69.0,-29.8,89.73999585,112.7980609,2.469381635,429.1729023165932,0.04743924062363429
-69.0,-29.6,88.88130344999999,99.71551405,2.1342671,430.0282535984603,0.002027798925490486
-69.0,-29.4,88.14727915,83.69117945,1.654441175,430.878365121766,1.2040130297396403e-15
-69.0,-29.200000000000003,87.6298235,57.42640675,1.22125322,431.7232265281696,5.880853720069491e-14
-69.0,-29.0,87.35816165,22.478311753,1.139617,432.5628275233015,4.8842954950141316e-14
-69.0,-28.8,87.3052185,266.784649355,1.411472425,433.39715787688846,3.394086533845275e-14
-69.0,-28.6,87.4259488,344.080264,1.81107168,434.2262074228785,2.268602272549798e-14
-69.0,-28.4,87.6925009,337.4461795,2.2618888900000003,435.04996605956455,1.6250671030429753e-14
-69.0,-28.200000000000003,88.10176615,333.6349725,2.7933530600000003,435.8684237497077,1.1609839172644113e-14
-69.0,-28.0,88.6529975,332.465167,3.41714239,436.681570520659,7.776854517352467e-15
-69.0,-27.8,89.311199,334.5101995,4.08313944,437.4893964644818,2.0039358660667055e-15
-69.0,-27.6,89.98165695,339.98855100000003,4.718859995,438.291891738072,2.8332623680438555e-15
-69.0,-27.4,90.51803455,348.397435,5.30106899,439.0890465632779,1.1316085358084627e-14
-69.0,-27.200000000000003,90.7674117,250.3272826265,5.865162895,439.8808512270194,9.981807930281661e-15
-69.0,-27.0,90.6300508,7.773831445000001,6.426980965,440.6672960814067,1.8862506568459906e-15
-69.0,-26.8,90.09981575,15.053399725,6.92523227,441.4483715438572,2.2724237727668287e-15
-69.0,-26.6,89.2632217,19.407146,7.272888804999999,442.2240680972132,7.842966337979292e-15
-69.0,-26.4,88.26009625,20.8968468,7.447261305,442.99437628985686,1.1647380824528018e-14
-69.0,-26.200000000000003,87.22841100000001,20.14259965,7.516309565,443.75928673582587,1.3318971107859149e-14
-69.0,-26.0,86.25979195,18.15605535,7.5895274,444.5187901149279,1.4180205634067264e-14
-69.0,-25.8,85.38308635,16.030923625,7.74887525,445.272877172854,1.5956792738112776e-14
-69.0,-25.6,84.57802775,14.4643146,8.01790205,446.0215387212912,1.830973982969684e-14
-69.0,-25.4,83.8063312,13.5199661,8.376725595,446.76476563803504,1.801081407917534e-14
-69.0,-25.200000000000003,83.04080715,12.846612250000002,8.78911535,447.5025488670998,1.6911160503125054e-14
-69.0,-25.0,82.5628212,12.3978262,9.0578279,448.23487941883,1.644422842142126e-14
-68.8,-30.0,89.9546574375,138.83146125,2.2937850375,428.3123216983501,5.182378248177698e-14
-68.8,-29.8,89.34994275,120.9930193125,1.86180670625,429.1729023165932,2.826798619236911e-20
-68.8,-29.6,88.754868,94.685411625,1.46515080625,430.0282535984603,1.128544210786881e-14
-68.8,-29.4,88.2699425,57.6022756875,1.2640735375,430.878365121766,1.4540618312847376e-14
-68.8,-29.200000000000003,87.979265375,20.67321266,1.484912875,431.7232265281696,2.5447124537612514e-14
-68.8,-29.0,87.9096590625,223.50734285,2.0378924875,432.5628275233015,1.4678891994964333e-14
-68.8,-28.8,88.0357218125,348.610860625,2.66356180625,433.39715787688846,1.2779090829662631e-14
-68.8,-28.6,88.3182700625,343.830400625,3.25196654375,434.2262074228785,1.2452349898079631e-14
-68.8,-28.4,88.74124375,340.362121875,3.81532801875,435.04996605956455,1.1863252200452062e-14
-68.8,-28.200000000000003,89.319424375,337.092508125,4.40381145625,435.8684237497077,1.0850729288305551e-14
-68.8,-28.0,90.0704735,334.729334375,5.03771725,436.681570520659,8.656458469263242e-15
-68.8,-27.8,90.967552375,334.670165625,5.65994755625,437.4893964644818,3.8039567912339135e-15
-68.8,-27.6,91.90475275,337.95372375,6.16716323125,438.291891738072,9.332319457305105e-16
-68.8,-27.4,92.705421375,344.803406875,6.51151986875,439.0890465632779,9.492567343555327e-15
-68.8,-27.200000000000003,93.1786925625,354.3807875,6.75472450625,439.8808512270194,1.498534128271093e-14
-68.8,-27.0,93.1964251875,4.71142903625,6.987914125,440.6672960814067,6.187438569833855e-15
-68.8,-26.8,92.746921875,13.44932665625,7.20999718125,441.4483715438572,5.875061648860986e-16
-68.8,-26.6,91.9355523125,19.055975375,7.3386713625,442.2240680972132,3.857289481839924e-15
-68.8,-26.4,90.9349365625,21.182838125,7.3302393125,442.99437628985686,8.37914113025046e-15
-68.8,-26.200000000000003,89.914894375,20.404974,7.24168239375,443.75928673582587,1.1068780364242818e-14
-68.8,-26.0,88.9879324375,17.9222765625,7.1829940625,444.5187901149279,1.2514226711677339e-14
-68.8,-25.8,88.19104275,15.1231955,7.236052625,445.272877172854,1.2839528190673419e-14
-68.8,-25.6,87.502919875,12.95187253125,7.42204236875,446.0215387212912,1.2147156754132129e-14
-68.8,-25.4,86.879419125,11.58220978125,7.72140680625,446.76476563803504,1.0995904393839535e-14
-68.8,-25.200000000000003,86.285112,10.6757838125,8.099336781249999,447.5025488670998,9.583328969548829e-15
-68.8,-25.0,85.92112625,10.169118875,8.3572255,448.23487941883,9.02849990643161e-15
-68.60000000000001,-30.0,89.49638591666667,142.71184583333334,1.594387708333333,428.3123216983501,1.1804156727538664e-15
-68.60000000000001,-29.8,89.12938966666667,110.72328266666666,1.0467905466666665,429.1729023165932,1.7147564283108565e-15
-68.60000000000001,-29.6,88.79659841666667,54.49713066666666,1.0129776875,430.0282535984603,1.308680108756486e-15
-68.60000000000001,-29.4,88.57227716666667,45.64495335,1.6013316,430.878365121766,2.2973937470636808e-15
-68.60000000000001,-29.200000000000003,88.52526875,267.515558475,2.4440282416666665,431.7232265281696,5.1074305873957115e-15
-68.60000000000001,-29.0,88.67682458333333,349.30707333333334,3.3149535416666667,432.5628275233015,7.741333237855453e-15
-68.60000000000001,-28.8,89.00139366666667,345.71995166666665,4.118557,433.39715787688846,1.0286253514241901e-14
-68.60000000000001,-28.6,89.46137591666667,343.9547,4.83276215,434.2262074228785,1.2067171193803085e-14
-68.60000000000001,-28.4,90.04415866666666,342.2556325,5.479227516666666,435.04996605956455,1.2753772118037395e-14
-68.60000000000001,-28.200000000000003,90.7724605,339.9698125,6.097299166666667,435.8684237497077,1.2402842956787565e-14
-68.60000000000001,-28.0,91.67544091666667,337.7232391666667,6.705089475,436.681570520659,1.0718649588608313e-14
-68.60000000000001,-27.8,92.7337525,336.9690475,7.250278391666666,437.4893964644818,6.9249236313357204e-15
-68.60000000000001,-27.6,93.83600883333332,339.09605,7.62529345,438.291891738072,7.563329378384033e-16
-68.60000000000001,-27.4,94.78549716666669,344.7911258333333,7.777320158333333,439.0890465632779,5.264741839210798e-15
-68.60000000000001,-27.200000000000003,95.36582125,353.6426925,7.791967875,439.8808512270194,1.5405253804441852e-14
-68.60000000000001,-27.0,95.43270866666668,33.83793553,7.815349308333334,440.6672960814067,1.411059746234859e-14
-68.60000000000001,-26.8,94.97832416666668,12.745319333333333,7.886704766666667,441.4483715438572,5.157068074338514e-15
-68.60000000000001,-26.6,94.13079508333334,18.40162625,7.920248675,442.2240680972132,7.71124672333937e-16
-68.60000000000001,-26.4,93.09251166666668,20.285574916666665,7.853241808333333,442.99437628985686,1.9494928966698145e-15
-68.60000000000001,-26.200000000000003,92.056387,19.063545916666666,7.733484908333334,443.75928673582587,4.837909098360907e-15
-68.60000000000001,-26.0,91.14527633333334,16.113514499999997,7.663653233333334,444.5187901149279,5.9516685858332684e-15
-68.60000000000001,-25.8,90.39679475,12.924489083333334,7.71235995,445.272877172854,5.616337817981512e-15
-68.60000000000001,-25.6,89.78665391666665,10.439580916666666,7.890771,446.0215387212912,4.017536087446538e-15
-68.60000000000001,-25.4,89.267202,8.830442758333334,8.179666816666666,446.76476563803504,1.7384266532208733e-15
-68.60000000000001,-25.200000000000003,88.79797791666668,7.810361133333333,8.549217916666667,447.5025488670998,4.727722993379812e-16
-68.60000000000001,-25.0,88.51896866666668,7.3178524,8.803638833333332,448.23487941883,1.561388563663228e-15
-68.4,-30.0,89.25586812499999,129.29592191875,0.587012713125,428.3123216983501,3.3419744223769035e-15
-68.4,-29.8,89.1605653125,141.284906425,0.8055273275,429.1729023165932,2.6934151195535832e-15
-68.4,-29.6,89.1334751875,203.85978036875,1.76100520375,430.0282535984603,4.524976559812733e-15
-68.4,-29.4,89.2149143125,307.8036176246875,2.84372634375,430.878365121766,5.9146325382986345e-15
-68.4,-29.200000000000003,89.455063125,347.813043125,3.8994806,431.7232265281696,7.400152176146023e-15
-68.4,-29.0,89.86921825,345.0237,4.87657313125,432.5628275233015,9.446514586776485e-15
-68.4,-28.8,90.4316376875,343.899095,5.74557241875,433.39715787688846,1.1744333295755368e-14
-68.4,-28.6,91.1040083125,343.5348,6.50225459375,434.2262074228785,1.3736088715159484e-14
-68.4,-28.4,91.8717791875,342.90945,7.16143394375,435.04996605956455,1.483786451144389e-14
-68.4,-28.200000000000003,92.7588999375,341.47169,7.7461106875,435.8684237497077,1.4828551041568035e-14
-68.4,-28.0,93.801098125,339.64873125,8.26341044375,436.681570520659,1.3459344629804779e-14
-68.4,-27.8,94.9857974375,338.767355,8.6639579,437.4893964644818,1.0472896532381438e-14
-68.4,-27.6,96.2003956875,340.36460875,8.85246025,438.291891738072,3.973545084858531e-15
-68.4,-27.4,97.236605125,345.449915,8.79854359375,439.0890465632779,8.646170197858471e-16
-68.4,-27.200000000000003,97.8633853125,353.886088125,8.63130628125,439.8808512270194,1.0132480743620564e-14
-68.4,-27.0,97.930676625,3.8559167239375,8.546466375,440.6672960814067,1.954939246229921e-14
-68.4,-26.8,97.4413969375,12.445414125,8.59436478125,441.4483715438572,1.3091054563879464e-14
-68.4,-26.6,96.548025,17.505984,8.658988718749999,442.2240680972132,6.290120335258761e-15
-68.4,-26.4,95.478945125,18.6298470625,8.65172265625,442.99437628985686,2.2739531572199666e-15
-68.4,-26.200000000000003,94.4429930625,16.74123815625,8.61351175,443.75928673582587,1.2128761243393866e-15
-68.4,-26.0,93.566051875,13.388204875,8.63949971875,444.5187901149279,1.2087685837553246e-15
-68.4,-25.8,92.88195,10.01377109375,8.78521278125,445.272877172854,1.2037569932540743e-15
-68.4,-25.6,92.3628616875,7.410229675,9.055027375,446.0215387212912,1.0941847545676978e-15
-68.4,-25.4,91.9589901875,5.69604313125,9.4299668125,446.76476563803504,3.0528655538790376e-15
-68.4,-25.200000000000003,91.6251790625,4.6632004,9.877364875,447.5025488670998,5.9963912106576175e-15
-68.4,-25.0,91.4363915,4.245121325,10.17300925,448.23487941883,8.905072819736682e-15
-68.2,-30.0,89.4031908125,342.01959375,1.365719741875,428.3123216983501,3.554368933390362e-15
-68.2,-29.8,89.6506056875,341.9242825,2.457178975,429.1729023165932,2.7365102451452852e-15
-68.2,-29.6,89.99972025,343.783428125,3.59141018125,430.0282535984603,2.2565765209586355e-15
-68.2,-29.4,90.45133775,343.871595,4.70470595,430.878365121766,3.629256205447186e-15
-68.2,-29.200000000000003,91.034939625,343.03833375,5.74418711875,431.7232265281696,6.284640109305397e-15
-68.2,-29.0,91.7604535,342.37217125,6.675662025,432.5628275233015,9.045956249558273e-15
-68.2,-28.8,92.6030955625,342.341955,7.4831628875,433.39715787688846,1.2143896595248885e-14
-68.2,-28.6,93.5232365,342.714076875,8.167730425,434.2262074228785,1.5016184586448033e-14
-68.2,-28.4,94.5007899375,342.82340125,8.7405064375,435.04996605956455,1.71285010362088e-14
-68.2,-28.200000000000003,95.554940875,342.13678875,9.21088134375,435.8684237497077,1.709026151390421e-14
-68.2,-28.0,96.7222840625,340.872005625,9.568872,436.681570520659,1.65182572177149e-14
-68.2,-27.8,97.995522125,340.160654375,9.76295671875,437.4893964644818,1.3598725869771461e-14
-68.2,-27.6,99.2668615625,341.56527625,9.7215698125,438.291891738072,8.495128900116024e-15
-68.2,-27.4,100.3300974375,346.31638625,9.4604533125,439.0890465632779,6.220730426132316e-16
-68.2,-27.200000000000003,100.9564800625,354.451684375,9.16714359375,439.8808512270194,5.480521564863908e-15
-68.2,-27.0,101.0035939375,4.0322585125,9.07747109375,440.6672960814067,1.564994928544016e-14
-68.2,-26.8,100.489802125,11.88235934375,9.22705540625,441.4483715438572,2.076550367514685e-14
-68.2,-26.6,99.587352,15.89265153125,9.45345071875,442.2240680972132,1.1621260787868839e-14
-68.2,-26.4,98.5407099375,15.990784375,9.63926353125,442.99437628985686,8.059056616621885e-15
-68.2,-26.200000000000003,97.5648696875,13.42191575,9.8143960625,443.75928673582587,6.046166792285602e-15
-68.2,-26.0,96.7833271875,9.80589084375,10.06261325,444.5187901149279,5.21420290400347e-15
-68.2,-25.8,96.226194375,6.4022643375,10.4324433125,445.272877172854,6.105636914485138e-15
-68.2,-25.6,95.86500725,3.8058666125,10.93112653125,446.0215387212912,8.312031783623334e-15
-68.2,-25.4,95.648761,2.11780908625,11.5385776875,446.76476563803504,1.1112979762785243e-14
-68.2,-25.200000000000003,95.5229075,46.2394686783125,12.20383215625,447.5025488670998,1.3418901279287656e-14
-68.2,-25.0,95.46645,91.0113623875,12.61755675,448.23487941883,1.537208686807254e-14
-68.0,-30.0,89.77068249999999,338.28405,2.670581425,428.3123216983501,3.5023454654304946e-15
-68.0,-29.8,90.24031,338.587555,3.782594075,429.1729023165932,3.676159225494521e-15
-68.0,-29.6,90.82426375,340.5750275,4.8687547250000005,430.0282535984603,3.5178246039605495e-15
-68.0,-29.4,91.501645,341.4859925,5.90360765,430.878365121766,2.524208847520474e-15
-68.0,-29.200000000000003,92.29092475,341.44975,6.8526983,431.7232265281696,5.450509553024104e-15
-68.0,-29.0,93.1999725,341.29101,7.689724325,432.5628275233015,8.840474933178167e-15
-68.0,-28.8,94.205655,341.5383525,8.40346175,433.39715787688846,1.2728665879423494e-14
-68.0,-28.6,95.2682865,342.132975,8.99789575,434.2262074228785,1.6443833623624524e-14
-68.0,-28.4,96.3641525,342.544265,9.4850435,435.04996605956455,1.972688866646015e-14
-68.0,-28.200000000000003,97.5074175,342.25104,9.86872675,435.8684237497077,1.6893052939921152e-14
-68.0,-28.0,98.7317375,341.36763,10.12709225,436.681570520659,1.7834393569143146e-14
-68.0,-27.8,100.03102525,340.891845,10.20391675,437.4893964644818,1.6270432842336348e-14
-68.0,-27.6,101.3032225,342.32773,10.04288075,438.291891738072,1.1740779618055001e-14
-68.0,-27.4,102.3518125,346.9445825,9.690542,439.0890465632779,2.641066503682487e-15
-68.0,-27.200000000000003,102.9601065,354.81614,9.3643905,439.8808512270194,3.9867336641256054e-15
-68.0,-27.0,102.99779025,3.947137585,9.31134975,440.6672960814067,1.1598855059811112e-14
-68.0,-26.8,102.492981,11.1317715,9.554512375,441.4483715438572,1.9634618267204028e-14
-68.0,-26.6,101.62377875,14.404175125,9.914337125,442.2240680972132,1.4078937463411464e-14
-68.0,-26.4,100.635831,13.91434025,10.2638785,442.99437628985686,1.0530978610975088e-14
-68.0,-26.200000000000003,99.741516,11.0457315,10.622633,443.75928673582587,8.707555471839e-15
-68.0,-26.0,99.061132,7.3832178,11.061558,444.5187901149279,8.091356550139733e-15
-68.0,-25.8,98.62452,4.03811905,11.62388025,445.272877172854,8.90316360218737e-15
-68.0,-25.6,98.4055135,1.506637335,12.31861575,446.0215387212912,1.0781527256037935e-14
-68.0,-25.4,98.35243,179.91136717975002,13.1216655,446.76476563803504,1.3269230117686842e-14
-68.0,-25.200000000000003,98.4010725,359.22114750000003,13.9658695,447.5025488670998,1.585790701195219e-14
-68.0,-25.0,98.452255,359.1658,14.475721,448.23487941883,1.8445236377708027e-14
